{
    "total_runtime": 2221.504601955414,
    "num_documents": 1328,
    "input_load_time": 0,
    "workflows": {
        "create_base_text_units": {
            "overall": 0.32399630546569824,
            "0_orderby": 0.002972841262817383,
            "1_zip": 0.002283811569213867,
            "2_aggregate_override": 0.012443065643310547,
            "3_chunk": 0.2606048583984375,
            "4_select": 0.002273082733154297,
            "5_unroll": 0.005636692047119141,
            "6_rename": 0.002207040786743164,
            "7_genid": 0.013828039169311523,
            "8_unzip": 0.0032498836517333984,
            "9_copy": 0.0024650096893310547,
            "10_filter": 0.014679908752441406
        },
        "create_base_extracted_entities": {
            "overall": 852.9077961444855,
            "0_entity_extract": 852.3203649520874,
            "1_merge_graphs": 0.5844550132751465
        },
        "create_summarized_entities": {
            "overall": 208.54524517059326,
            "0_summarize_descriptions": 208.54207801818848
        },
        "create_base_entity_graph": {
            "overall": 4.840447902679443,
            "0_cluster_graph": 4.832945823669434,
            "1_select": 0.003921985626220703
        },
        "create_final_entities": {
            "overall": 22.33673906326294,
            "0_unpack_graph": 2.1368391513824463,
            "1_rename": 0.00594782829284668,
            "2_select": 0.0060651302337646484,
            "3_dedupe": 0.009546041488647461,
            "4_rename": 0.004892826080322266,
            "5_filter": 0.03833580017089844,
            "6_text_split": 0.04573512077331543,
            "7_drop": 0.0055158138275146484,
            "8_merge": 0.4176640510559082,
            "9_text_embed": 19.599838972091675,
            "10_drop": 0.008332014083862305,
            "11_filter": 0.05396294593811035
        },
        "create_final_nodes": {
            "overall": 12.537469863891602,
            "0_layout_graph": 7.3564159870147705,
            "1_unpack_graph": 2.433072090148926,
            "2_unpack_graph": 2.4831271171569824,
            "3_filter": 0.15871500968933105,
            "4_drop": 0.009250164031982422,
            "5_select": 0.006867885589599609,
            "6_rename": 0.0065500736236572266,
            "7_join": 0.03782486915588379,
            "8_convert": 0.026112794876098633,
            "9_rename": 0.013793230056762695
        },
        "create_final_communities": {
            "overall": 9.419723987579346,
            "0_unpack_graph": 2.2212159633636475,
            "1_unpack_graph": 2.2523698806762695,
            "2_aggregate_override": 0.017462730407714844,
            "3_join": 0.3039851188659668,
            "4_join": 0.2924811840057373,
            "5_concat": 0.03204488754272461,
            "6_filter": 3.918138027191162,
            "7_aggregate_override": 0.16930198669433594,
            "8_join": 0.011612176895141602,
            "9_filter": 0.04011893272399902,
            "10_fill": 0.008780956268310547,
            "11_merge": 0.12122821807861328,
            "12_copy": 0.008534908294677734,
            "13_select": 0.008929014205932617
        },
        "join_text_units_to_entity_ids": {
            "overall": 0.06711196899414062,
            "0_select": 0.010068893432617188,
            "1_unroll": 0.01322793960571289,
            "2_aggregate_override": 0.03473997116088867
        },
        "create_final_relationships": {
            "overall": 2.7633488178253174,
            "0_unpack_graph": 2.239640951156616,
            "1_filter": 0.15636610984802246,
            "2_rename": 0.012676715850830078,
            "3_filter": 0.27649903297424316,
            "4_drop": 0.011027097702026367,
            "5_compute_edge_combined_degree": 0.01777195930480957,
            "6_convert": 0.024081945419311523,
            "7_convert": 0.01473379135131836
        },
        "join_text_units_to_relationship_ids": {
            "overall": 0.10216712951660156,
            "0_select": 0.0209808349609375,
            "1_unroll": 0.01688694953918457,
            "2_aggregate_override": 0.034150123596191406,
            "3_select": 0.011570930480957031
        },
        "create_final_community_reports": {
            "overall": 1104.0223228931427,
            "0_prepare_community_reports_nodes": 0.2018442153930664,
            "1_prepare_community_reports_edges": 0.09024500846862793,
            "2_restore_community_hierarchy": 0.22579669952392578,
            "3_prepare_community_reports": 2.8810341358184814,
            "4_create_community_reports": 1100.5858759880066,
            "5_window": 0.020700931549072266
        },
        "create_final_text_units": {
            "overall": 0.10178995132446289,
            "0_select": 0.012485027313232422,
            "1_rename": 0.012580156326293945,
            "2_join": 0.015909910202026367,
            "3_join": 0.015929222106933594,
            "4_aggregate_override": 0.01860499382019043,
            "5_select": 0.013829231262207031
        },
        "create_base_documents": {
            "overall": 0.19600892066955566,
            "0_unroll": 0.014508962631225586,
            "1_select": 0.013589859008789062,
            "2_rename": 0.02719402313232422,
            "3_join": 0.020296812057495117,
            "4_aggregate_override": 0.025738954544067383,
            "5_join": 0.020354032516479492,
            "6_rename": 0.01482081413269043,
            "7_convert": 0.04606890678405762
        },
        "create_final_documents": {
            "overall": 0.0293271541595459,
            "0_rename": 0.014725208282470703
        }
    }
}